,TestTrainSubsetNo,model,performance,cost,gamma,nodesize,mtry,ntree,error_test,performance_test,meanPerformance,meanPerformance_test,analyzeName
1,1,linear,0.740517868,14.67799268,NA,NA,NA,NA,0.463095238,0.536904762,0.707274145,0.513642526,protein
2,2,linear,0.724044622,146.7799268,NA,NA,NA,NA,0.498511905,0.501488095,0.707274145,0.513642526,protein
3,3,linear,0.670987703,31.6227766,NA,NA,NA,NA,0.405208333,0.594791667,0.707274145,0.513642526,protein
4,4,linear,0.746510342,4641588.834,NA,NA,NA,NA,0.396428571,0.603571429,0.707274145,0.513642526,protein
5,5,linear,0.745885371,68.12920691,NA,NA,NA,NA,0.474702381,0.525297619,0.707274145,0.513642526,protein
6,6,linear,0.626876156,46.41588834,NA,NA,NA,NA,0.373611111,0.626388889,0.707274145,0.513642526,protein
7,7,linear,0.663874935,6.812920691,NA,NA,NA,NA,0.435416667,0.564583333,0.707274145,0.513642526,protein
8,8,linear,0.722084194,31.6227766,NA,NA,NA,NA,0.392361111,0.607638889,0.707274145,0.513642526,protein
9,9,linear,0.741014739,31.6227766,NA,NA,NA,NA,0.290178571,0.709821429,0.707274145,0.513642526,protein
10,10,linear,0.70691812,215.443469,NA,NA,NA,NA,0.427380952,0.572619048,0.707274145,0.513642526,protein
11,11,linear,0.671049004,6.812920691,NA,NA,NA,NA,0.523511905,0.476488095,0.707274145,0.513642526,protein
12,12,linear,0.678003968,4.641588834,NA,NA,NA,NA,0.375595238,0.624404762,0.707274145,0.513642526,protein
13,13,linear,0.712424681,100,NA,NA,NA,NA,0.54047619,0.45952381,0.707274145,0.513642526,protein
14,14,linear,0.736856532,31.6227766,NA,NA,NA,NA,0.650595238,0.349404762,0.707274145,0.513642526,protein
15,15,linear,0.682901797,21.5443469,NA,NA,NA,NA,0.444345238,0.555654762,0.707274145,0.513642526,protein
16,16,linear,0.70233765,146.7799268,NA,NA,NA,NA,0.462202381,0.537797619,0.707274145,0.513642526,protein
17,17,linear,0.734533482,31.6227766,NA,NA,NA,NA,0.477678571,0.522321429,0.707274145,0.513642526,protein
18,18,linear,0.754266062,14.67799268,NA,NA,NA,NA,0.538194444,0.461805556,0.707274145,0.513642526,protein
19,19,linear,0.659233174,4.641588834,NA,NA,NA,NA,0.640625,0.359375,0.707274145,0.513642526,protein
20,20,linear,0.735207861,68.12920691,NA,NA,NA,NA,0.354166667,0.645833333,0.707274145,0.513642526,protein
21,21,linear,0.710665795,100,NA,NA,NA,NA,0.543452381,0.456547619,0.707274145,0.513642526,protein
22,22,linear,0.763909384,146.7799268,NA,NA,NA,NA,0.483630952,0.516369048,0.707274145,0.513642526,protein
23,23,linear,0.637190134,146.7799268,NA,NA,NA,NA,0.417261905,0.582738095,0.707274145,0.513642526,protein
24,24,linear,0.762112768,68.12920691,NA,NA,NA,NA,0.395833333,0.604166667,0.707274145,0.513642526,protein
25,25,linear,0.747292866,1467.799268,NA,NA,NA,NA,0.442708333,0.557291667,0.707274145,0.513642526,protein
26,26,linear,0.681391941,46.41588834,NA,NA,NA,NA,0.610416667,0.389583333,0.707274145,0.513642526,protein
27,27,linear,0.740951393,14.67799268,NA,NA,NA,NA,0.610416667,0.389583333,0.707274145,0.513642526,protein
28,28,linear,0.702571516,46.41588834,NA,NA,NA,NA,0.642261905,0.357738095,0.707274145,0.513642526,protein
29,29,linear,0.762665736,10,NA,NA,NA,NA,0.446428571,0.553571429,0.707274145,0.513642526,protein
30,30,linear,0.613207509,316.227766,NA,NA,NA,NA,0.3125,0.6875,0.707274145,0.513642526,protein
31,31,linear,0.76652381,316.227766,NA,NA,NA,NA,0.590277778,0.409722222,0.707274145,0.513642526,protein
32,32,linear,0.791324707,464.1588834,NA,NA,NA,NA,0.52827381,0.47172619,0.707274145,0.513642526,protein
33,33,linear,0.716300366,681.2920691,NA,NA,NA,NA,0.504017857,0.495982143,0.707274145,0.513642526,protein
34,34,linear,0.716932162,31.6227766,NA,NA,NA,NA,0.629464286,0.370535714,0.707274145,0.513642526,protein
35,35,linear,0.64237194,146.7799268,NA,NA,NA,NA,0.404761905,0.595238095,0.707274145,0.513642526,protein
36,36,linear,0.722509858,681.2920691,NA,NA,NA,NA,0.587896825,0.412103175,0.707274145,0.513642526,protein
37,37,linear,0.721552352,215.443469,NA,NA,NA,NA,0.60625,0.39375,0.707274145,0.513642526,protein
38,38,linear,0.659899006,681.2920691,NA,NA,NA,NA,0.427083333,0.572916667,0.707274145,0.513642526,protein
39,39,linear,0.641959445,4.641588834,NA,NA,NA,NA,0.558333333,0.441666667,0.707274145,0.513642526,protein
40,40,linear,0.652614164,4.641588834,NA,NA,NA,NA,0.464583333,0.535416667,0.707274145,0.513642526,protein
41,41,linear,0.718310222,21.5443469,NA,NA,NA,NA,0.482142857,0.517857143,0.707274145,0.513642526,protein
42,42,linear,0.704994616,4.641588834,NA,NA,NA,NA,0.353125,0.646875,0.707274145,0.513642526,protein
43,43,linear,0.709358456,146779.9268,NA,NA,NA,NA,0.444791667,0.555208333,0.707274145,0.513642526,protein
44,44,linear,0.795144776,100,NA,NA,NA,NA,0.685119048,0.314880952,0.707274145,0.513642526,protein
45,45,linear,0.655461975,146.7799268,NA,NA,NA,NA,0.575744048,0.424255952,0.707274145,0.513642526,protein
46,46,linear,0.774844976,1.00E+07,NA,NA,NA,NA,0.65625,0.34375,0.707274145,0.513642526,protein
47,47,linear,0.711286269,146.7799268,NA,NA,NA,NA,0.558928571,0.441071429,0.707274145,0.513642526,protein
48,48,linear,0.757048913,6.812920691,NA,NA,NA,NA,0.60625,0.39375,0.707274145,0.513642526,protein
49,49,linear,0.672900512,146.7799268,NA,NA,NA,NA,0.429861111,0.570138889,0.707274145,0.513642526,protein
50,50,linear,0.684935442,21.5443469,NA,NA,NA,NA,0.3875,0.6125,0.707274145,0.513642526,protein
51,51,linear,0.682504906,464.1588834,NA,NA,NA,NA,0.370039683,0.629960317,0.707274145,0.513642526,protein
52,52,linear,0.703241468,68.12920691,NA,NA,NA,NA,0.641369048,0.358630952,0.707274145,0.513642526,protein
53,53,linear,0.675177045,21.5443469,NA,NA,NA,NA,0.528125,0.471875,0.707274145,0.513642526,protein
54,54,linear,0.73607511,21544346.9,NA,NA,NA,NA,0.479761905,0.520238095,0.707274145,0.513642526,protein
55,55,linear,0.714251385,68.12920691,NA,NA,NA,NA,0.224206349,0.775793651,0.707274145,0.513642526,protein
56,56,linear,0.714314356,31.6227766,NA,NA,NA,NA,0.569791667,0.430208333,0.707274145,0.513642526,protein
57,57,linear,0.676716771,68.12920691,NA,NA,NA,NA,0.604761905,0.395238095,0.707274145,0.513642526,protein
58,58,linear,0.735012924,31.6227766,NA,NA,NA,NA,0.322916667,0.677083333,0.707274145,0.513642526,protein
59,59,linear,0.629818558,1000,NA,NA,NA,NA,0.43125,0.56875,0.707274145,0.513642526,protein
60,60,linear,0.675574917,31.6227766,NA,NA,NA,NA,0.459375,0.540625,0.707274145,0.513642526,protein
61,1,radial,0.74465401,316.227766,0.014677993,NA,NA,NA,0.425595238,0.574404762,0.711041806,0.487939214,protein
62,2,radial,0.734054335,2154.43469,0.021544347,NA,NA,NA,0.541369048,0.458630952,0.711041806,0.487939214,protein
63,3,radial,0.666514914,2154.43469,0.006812921,NA,NA,NA,0.446875,0.553125,0.711041806,0.487939214,protein
64,4,radial,0.752279572,31622.7766,0.003162278,NA,NA,NA,0.445238095,0.554761905,0.711041806,0.487939214,protein
65,5,radial,0.745885371,46415.88834,0.000464159,NA,NA,NA,0.451388889,0.548611111,0.711041806,0.487939214,protein
66,6,radial,0.629518751,1000,0.021544347,NA,NA,NA,0.333333333,0.666666667,0.711041806,0.487939214,protein
67,7,radial,0.66474795,215.443469,0.021544347,NA,NA,NA,0.46875,0.53125,0.711041806,0.487939214,protein
68,8,radial,0.722084194,2154.43469,0.006812921,NA,NA,NA,0.381944444,0.618055556,0.711041806,0.487939214,protein
69,9,radial,0.742349119,1000,0.031622777,NA,NA,NA,0.40327381,0.59672619,0.711041806,0.487939214,protein
70,10,radial,0.7112832,1.00E+08,0.001467799,NA,NA,NA,0.464285714,0.535714286,0.711041806,0.487939214,protein
71,11,radial,0.658484901,10000,0.000316228,NA,NA,NA,0.448511905,0.551488095,0.711041806,0.487939214,protein
72,12,radial,0.696404457,68.12920691,0.021544347,NA,NA,NA,0.455208333,0.544791667,0.711041806,0.487939214,protein
73,13,radial,0.714646903,1.00E+05,0.000464159,NA,NA,NA,0.558333333,0.441666667,0.711041806,0.487939214,protein
74,14,radial,0.74211146,14677.99268,0.003162278,NA,NA,NA,0.684027778,0.315972222,0.711041806,0.487939214,protein
75,15,radial,0.685894122,1.00E+08,0.01,NA,NA,NA,0.569196429,0.430803571,0.711041806,0.487939214,protein
76,16,radial,0.701246381,68129.20691,0.001,NA,NA,NA,0.445535714,0.554464286,0.711041806,0.487939214,protein
77,17,radial,0.737805211,21544.3469,0.001467799,NA,NA,NA,0.519345238,0.480654762,0.711041806,0.487939214,protein
78,18,radial,0.758894471,146.7799268,0.021544347,NA,NA,NA,0.5,0.5,0.711041806,0.487939214,protein
79,19,radial,0.669389869,146.7799268,0.014677993,NA,NA,NA,0.630208333,0.369791667,0.711041806,0.487939214,protein
80,20,radial,0.735207861,1.00E+05,0.000316228,NA,NA,NA,0.354166667,0.645833333,0.711041806,0.487939214,protein
81,21,radial,0.719640153,1000,0.014677993,NA,NA,NA,0.584077381,0.415922619,0.711041806,0.487939214,protein
82,22,radial,0.776638976,10000,0.006812921,NA,NA,NA,0.533234127,0.466765873,0.711041806,0.487939214,protein
83,23,radial,0.647299705,2154.43469,0.001,NA,NA,NA,0.479166667,0.520833333,0.711041806,0.487939214,protein
84,24,radial,0.76400532,316227.766,1.00E-04,NA,NA,NA,0.460416667,0.539583333,0.711041806,0.487939214,protein
85,25,radial,0.74865341,46415888.34,0.000215443,NA,NA,NA,0.473958333,0.526041667,0.711041806,0.487939214,protein
86,26,radial,0.683315018,6812.920691,0.006812921,NA,NA,NA,0.626041667,0.373958333,0.711041806,0.487939214,protein
87,27,radial,0.76671539,681.2920691,0.01,NA,NA,NA,0.651041667,0.348958333,0.711041806,0.487939214,protein
88,28,radial,0.69403977,215443.469,1.00E-04,NA,NA,NA,0.667261905,0.332738095,0.711041806,0.487939214,protein
89,29,radial,0.752409326,14677.99268,0.000316228,NA,NA,NA,0.529761905,0.470238095,0.711041806,0.487939214,protein
90,30,radial,0.61682902,1467.799268,0.01,NA,NA,NA,0.342261905,0.657738095,0.711041806,0.487939214,protein
91,31,radial,0.76652381,316227.766,0.000464159,NA,NA,NA,0.634920635,0.365079365,0.711041806,0.487939214,protein
92,32,radial,0.791324707,215443.469,0.001,NA,NA,NA,0.53422619,0.46577381,0.711041806,0.487939214,protein
93,33,radial,0.721172161,1467799.268,0.01,NA,NA,NA,0.540625,0.459375,0.711041806,0.487939214,protein
94,34,radial,0.713714569,1.00E+05,0.00014678,NA,NA,NA,0.632440476,0.367559524,0.711041806,0.487939214,protein
95,35,radial,0.637927496,316227.766,0.000215443,NA,NA,NA,0.446428571,0.553571429,0.711041806,0.487939214,protein
96,36,radial,0.722509858,1.00E+06,0.00014678,NA,NA,NA,0.587896825,0.412103175,0.711041806,0.487939214,protein
97,37,radial,0.726314257,146779.9268,0.000681292,NA,NA,NA,0.6375,0.3625,0.711041806,0.487939214,protein
98,38,radial,0.674488953,4641588.834,0.021544347,NA,NA,NA,0.447916667,0.552083333,0.711041806,0.487939214,protein
99,39,radial,0.651732688,2154.43469,0.001,NA,NA,NA,0.6,0.4,0.711041806,0.487939214,protein
100,40,radial,0.655570334,316.227766,0.006812921,NA,NA,NA,0.516666667,0.483333333,0.711041806,0.487939214,protein
101,41,radial,0.718310222,21544.3469,0.000464159,NA,NA,NA,0.465909091,0.534090909,0.711041806,0.487939214,protein
102,42,radial,0.710418859,10000,0.000215443,NA,NA,NA,0.371875,0.628125,0.711041806,0.487939214,protein
103,43,radial,0.710548933,31622776.6,0.002154435,NA,NA,NA,0.476041667,0.523958333,0.711041806,0.487939214,protein
104,44,radial,0.795144776,46415.88834,0.001,NA,NA,NA,0.710119048,0.289880952,0.711041806,0.487939214,protein
105,45,radial,0.662214111,6812.920691,0.01,NA,NA,NA,0.620535714,0.379464286,0.711041806,0.487939214,protein
106,46,radial,0.789527516,2154.43469,0.046415888,NA,NA,NA,0.659722222,0.340277778,0.711041806,0.487939214,protein
107,47,radial,0.711286269,1.00E+06,1.00E-04,NA,NA,NA,0.552678571,0.447321429,0.711041806,0.487939214,protein
108,48,radial,0.764507247,2154.43469,0.001,NA,NA,NA,0.66875,0.33125,0.711041806,0.487939214,protein
109,49,radial,0.685324755,31622.7766,0.002154435,NA,NA,NA,0.478670635,0.521329365,0.711041806,0.487939214,protein
110,50,radial,0.6914198,10000,0.00014678,NA,NA,NA,0.455952381,0.544047619,0.711041806,0.487939214,protein
111,51,radial,0.685679509,46415.88834,0.006812921,NA,NA,NA,0.381944444,0.618055556,0.711041806,0.487939214,protein
112,52,radial,0.703241468,68129.20691,0.000464159,NA,NA,NA,0.627480159,0.372519841,0.711041806,0.487939214,protein
113,53,radial,0.673748474,6812.920691,0.001467799,NA,NA,NA,0.528125,0.471875,0.711041806,0.487939214,protein
114,54,radial,0.73607511,14677992.68,0.001,NA,NA,NA,0.504761905,0.495238095,0.711041806,0.487939214,protein
115,55,radial,0.70980694,10000,0.003162278,NA,NA,NA,0.286706349,0.713293651,0.711041806,0.487939214,protein
116,56,radial,0.71979905,46415.88834,0.000464159,NA,NA,NA,0.569791667,0.430208333,0.711041806,0.487939214,protein
117,57,radial,0.678609323,146779.9268,0.000316228,NA,NA,NA,0.626736111,0.373263889,0.711041806,0.487939214,protein
118,58,radial,0.730810644,31622.7766,0.000464159,NA,NA,NA,0.385416667,0.614583333,0.711041806,0.487939214,protein
119,59,radial,0.650415322,10000,0.014677993,NA,NA,NA,0.43125,0.56875,0.711041806,0.487939214,protein
120,60,radial,0.691338043,31622.7766,0.001,NA,NA,NA,0.46875,0.53125,0.711041806,0.487939214,protein
121,1,RF,0.699277278,NA,NA,3,1,10000,0.615625,0.384375,0.685732332,0.397991898,protein
122,2,RF,0.673035287,NA,NA,1,1,1000,0.63422619,0.36577381,0.685732332,0.397991898,protein
123,3,RF,0.676655067,NA,NA,3,3,1000,0.54375,0.45625,0.685732332,0.397991898,protein
124,4,RF,0.712427406,NA,NA,2,1,5000,0.641666667,0.358333333,0.685732332,0.397991898,protein
125,5,RF,0.692879343,NA,NA,5,2,5000,0.641369048,0.358630952,0.685732332,0.397991898,protein
126,6,RF,0.634325327,NA,NA,2,1,5000,0.638194444,0.361805556,0.685732332,0.397991898,protein
127,7,RF,0.720234825,NA,NA,1,5,10000,0.549702381,0.450297619,0.685732332,0.397991898,protein
128,8,RF,0.628046449,NA,NA,1,1,5000,0.505456349,0.494543651,0.685732332,0.397991898,protein
129,9,RF,0.720159777,NA,NA,3,3,10000,0.519345238,0.480654762,0.685732332,0.397991898,protein
130,10,RF,0.636667565,NA,NA,3,3,10000,0.688541667,0.311458333,0.685732332,0.397991898,protein
131,11,RF,0.70436195,NA,NA,4,2,10000,0.442361111,0.557638889,0.685732332,0.397991898,protein
132,12,RF,0.70734284,NA,NA,3,3,5000,0.552083333,0.447916667,0.685732332,0.397991898,protein
133,13,RF,0.784214452,NA,NA,2,2,1000,0.708333333,0.291666667,0.685732332,0.397991898,protein
134,14,RF,0.774153846,NA,NA,2,2,1000,0.792212302,0.207787698,0.685732332,0.397991898,protein
135,15,RF,0.648937116,NA,NA,2,2,10000,0.620833333,0.379166667,0.685732332,0.397991898,protein
136,16,RF,0.638757777,NA,NA,4,7,5000,0.778869048,0.221130952,0.685732332,0.397991898,protein
137,17,RF,0.718886675,NA,NA,3,5,5000,0.635416667,0.364583333,0.685732332,0.397991898,protein
138,18,RF,0.634536863,NA,NA,3,1,5000,0.564583333,0.435416667,0.685732332,0.397991898,protein
139,19,RF,0.654265549,NA,NA,4,7,10000,0.670386905,0.329613095,0.685732332,0.397991898,protein
140,20,RF,0.709958428,NA,NA,3,3,5000,0.486111111,0.513888889,0.685732332,0.397991898,protein
141,21,RF,0.67551567,NA,NA,2,7,10000,0.651388889,0.348611111,0.685732332,0.397991898,protein
142,22,RF,0.735254884,NA,NA,4,4,10000,0.615178571,0.384821429,0.685732332,0.397991898,protein
143,23,RF,0.633933654,NA,NA,5,3,1000,0.441666667,0.558333333,0.685732332,0.397991898,protein
144,24,RF,0.707431973,NA,NA,1,2,5000,0.546428571,0.453571429,0.685732332,0.397991898,protein
145,25,RF,0.667730042,NA,NA,3,2,1000,0.600744048,0.399255952,0.685732332,0.397991898,protein
146,26,RF,0.682672433,NA,NA,1,3,1000,0.575,0.425,0.685732332,0.397991898,protein
147,27,RF,0.583568725,NA,NA,4,3,1000,0.788194444,0.211805556,0.685732332,0.397991898,protein
148,28,RF,0.710652654,NA,NA,3,2,10000,0.483928571,0.516071429,0.685732332,0.397991898,protein
149,29,RF,0.704408367,NA,NA,3,2,5000,0.588541667,0.411458333,0.685732332,0.397991898,protein
150,30,RF,0.676476099,NA,NA,2,4,1000,0.614583333,0.385416667,0.685732332,0.397991898,protein
151,31,RF,0.667654457,NA,NA,1,4,1000,0.541666667,0.458333333,0.685732332,0.397991898,protein
152,32,RF,0.792899653,NA,NA,1,3,1000,0.59375,0.40625,0.685732332,0.397991898,protein
153,33,RF,0.698494854,NA,NA,2,4,10000,0.578125,0.421875,0.685732332,0.397991898,protein
154,34,RF,0.650669596,NA,NA,3,3,5000,0.719791667,0.280208333,0.685732332,0.397991898,protein
155,35,RF,0.582657676,NA,NA,2,1,10000,0.640625,0.359375,0.685732332,0.397991898,protein
156,36,RF,0.723073461,NA,NA,4,3,1000,0.642361111,0.357638889,0.685732332,0.397991898,protein
157,37,RF,0.667604624,NA,NA,2,1,1000,0.490178571,0.509821429,0.685732332,0.397991898,protein
158,38,RF,0.61593595,NA,NA,3,1,1000,0.452083333,0.547916667,0.685732332,0.397991898,protein
159,39,RF,0.658475667,NA,NA,5,3,1000,0.706944444,0.293055556,0.685732332,0.397991898,protein
160,40,RF,0.670790598,NA,NA,4,3,10000,0.664583333,0.335416667,0.685732332,0.397991898,protein
161,41,RF,0.706923179,NA,NA,4,3,10000,0.536160714,0.463839286,0.685732332,0.397991898,protein
162,42,RF,0.761813631,NA,NA,2,1,1000,0.439583333,0.560416667,0.685732332,0.397991898,protein
163,43,RF,0.628995874,NA,NA,1,7,5000,0.692708333,0.307291667,0.685732332,0.397991898,protein
164,44,RF,0.672649049,NA,NA,3,2,5000,0.735416667,0.264583333,0.685732332,0.397991898,protein
165,45,RF,0.633333682,NA,NA,2,7,10000,0.807142857,0.192857143,0.685732332,0.397991898,protein
166,46,RF,0.807733357,NA,NA,1,4,1000,0.719642857,0.280357143,0.685732332,0.397991898,protein
167,47,RF,0.648886549,NA,NA,3,1,10000,0.458333333,0.541666667,0.685732332,0.397991898,protein
168,48,RF,0.831683111,NA,NA,3,5,1000,0.689583333,0.310416667,0.685732332,0.397991898,protein
169,49,RF,0.613278999,NA,NA,1,3,1000,0.436111111,0.563888889,0.685732332,0.397991898,protein
170,50,RF,0.731631199,NA,NA,3,2,5000,0.481547619,0.518452381,0.685732332,0.397991898,protein
171,51,RF,0.70816203,NA,NA,2,2,5000,0.367261905,0.632738095,0.685732332,0.397991898,protein
172,52,RF,0.703588755,NA,NA,3,2,1000,0.730208333,0.269791667,0.685732332,0.397991898,protein
173,53,RF,0.635467273,NA,NA,2,1,10000,0.623511905,0.376488095,0.685732332,0.397991898,protein
174,54,RF,0.700980191,NA,NA,2,3,1000,0.625595238,0.374404762,0.685732332,0.397991898,protein
175,55,RF,0.71624613,NA,NA,2,2,10000,0.438492063,0.561507937,0.685732332,0.397991898,protein
176,56,RF,0.725497407,NA,NA,2,1,5000,0.578125,0.421875,0.685732332,0.397991898,protein
177,57,RF,0.653587391,NA,NA,3,1,10000,0.638194444,0.361805556,0.685732332,0.397991898,protein
178,58,RF,0.695429987,NA,NA,2,2,10000,0.714285714,0.285714286,0.685732332,0.397991898,protein
179,59,RF,0.608815289,NA,NA,1,3,1000,0.610416667,0.389583333,0.685732332,0.397991898,protein
180,60,RF,0.684211978,NA,NA,2,2,10000,0.633333333,0.366666667,0.685732332,0.397991898,protein
181,1,sigmoid,0.759592183,215.443469,0.068129207,NA,NA,NA,0.442261905,0.557738095,0.722883526,0.499338116,protein
182,2,sigmoid,0.77735298,1467.799268,0.146779927,NA,NA,NA,0.561507937,0.438492063,0.722883526,0.499338116,protein
183,3,sigmoid,0.694887145,4641.588834,0.1,NA,NA,NA,0.427083333,0.572916667,0.722883526,0.499338116,protein
184,4,sigmoid,0.746510342,681292.0691,0.01,NA,NA,NA,0.403571429,0.596428571,0.722883526,0.499338116,protein
185,5,sigmoid,0.753003808,2154.43469,0.021544347,NA,NA,NA,0.453869048,0.546130952,0.722883526,0.499338116,protein
186,6,sigmoid,0.651894471,1467.799268,0.068129207,NA,NA,NA,0.540178571,0.459821429,0.722883526,0.499338116,protein
187,7,sigmoid,0.674033665,464.1588834,0.014677993,NA,NA,NA,0.439583333,0.560416667,0.722883526,0.499338116,protein
188,8,sigmoid,0.732143172,1000,0.046415888,NA,NA,NA,0.392361111,0.607638889,0.722883526,0.499338116,protein
189,9,sigmoid,0.762628641,4641.588834,0.068129207,NA,NA,NA,0.408928571,0.591071429,0.722883526,0.499338116,protein
190,10,sigmoid,0.70691812,146779.9268,0.001467799,NA,NA,NA,0.427380952,0.572619048,0.722883526,0.499338116,protein
191,11,sigmoid,0.671049004,6812.920691,0.001,NA,NA,NA,0.454761905,0.545238095,0.722883526,0.499338116,protein
192,12,sigmoid,0.723699634,46.41588834,0.146779927,NA,NA,NA,0.456845238,0.543154762,0.722883526,0.499338116,protein
193,13,sigmoid,0.712424681,464158.8834,0.000215443,NA,NA,NA,0.60297619,0.39702381,0.722883526,0.499338116,protein
194,14,sigmoid,0.748779348,3162.27766,0.031622777,NA,NA,NA,0.661706349,0.338293651,0.722883526,0.499338116,protein
195,15,sigmoid,0.702883482,316.227766,0.068129207,NA,NA,NA,0.402380952,0.597619048,0.722883526,0.499338116,protein
196,16,sigmoid,0.717972571,6812.920691,0.021544347,NA,NA,NA,0.4,0.6,0.722883526,0.499338116,protein
197,17,sigmoid,0.744423592,1467.799268,0.021544347,NA,NA,NA,0.477678571,0.522321429,0.722883526,0.499338116,protein
198,18,sigmoid,0.773386592,2154.43469,0.068129207,NA,NA,NA,0.448511905,0.551488095,0.722883526,0.499338116,protein
199,19,sigmoid,0.685978281,3162.27766,0.146779927,NA,NA,NA,0.633035714,0.366964286,0.722883526,0.499338116,protein
200,20,sigmoid,0.735207861,31622.7766,0.002154435,NA,NA,NA,0.337878788,0.662121212,0.722883526,0.499338116,protein
201,21,sigmoid,0.725690215,1000,0.031622777,NA,NA,NA,0.579166667,0.420833333,0.722883526,0.499338116,protein
202,22,sigmoid,0.77843145,6812.920691,0.068129207,NA,NA,NA,0.447916667,0.552083333,0.722883526,0.499338116,protein
203,23,sigmoid,0.664785511,100,0.1,NA,NA,NA,0.433333333,0.566666667,0.722883526,0.499338116,protein
204,24,sigmoid,0.777997994,3162.27766,0.021544347,NA,NA,NA,0.377083333,0.622916667,0.722883526,0.499338116,protein
205,25,sigmoid,0.747292866,6812920.691,0.000215443,NA,NA,NA,0.448958333,0.551041667,0.722883526,0.499338116,protein
206,26,sigmoid,0.703526862,3162.27766,0.046415888,NA,NA,NA,0.59672619,0.40327381,0.722883526,0.499338116,protein
207,27,sigmoid,0.741756381,681.2920691,0.046415888,NA,NA,NA,0.658712121,0.341287879,0.722883526,0.499338116,protein
208,28,sigmoid,0.709986046,1000,0.046415888,NA,NA,NA,0.686742424,0.313257576,0.722883526,0.499338116,protein
209,29,sigmoid,0.762665736,68129.20691,0.00014678,NA,NA,NA,0.446428571,0.553571429,0.722883526,0.499338116,protein
210,30,sigmoid,0.613367482,3162.27766,0.006812921,NA,NA,NA,0.369791667,0.630208333,0.722883526,0.499338116,protein
211,31,sigmoid,0.76652381,14677.99268,0.021544347,NA,NA,NA,0.590277778,0.409722222,0.722883526,0.499338116,protein
212,32,sigmoid,0.821175134,316.227766,0.068129207,NA,NA,NA,0.549107143,0.450892857,0.722883526,0.499338116,protein
213,33,sigmoid,0.74220696,21544.3469,0.068129207,NA,NA,NA,0.492708333,0.507291667,0.722883526,0.499338116,protein
214,34,sigmoid,0.727375283,464.1588834,0.046415888,NA,NA,NA,0.636904762,0.363095238,0.722883526,0.499338116,protein
215,35,sigmoid,0.667793836,14677992.68,0.046415888,NA,NA,NA,0.456439394,0.543560606,0.722883526,0.499338116,protein
216,36,sigmoid,0.723833074,10000,0.031622777,NA,NA,NA,0.648611111,0.351388889,0.722883526,0.499338116,protein
217,37,sigmoid,0.740691214,6812.920691,0.046415888,NA,NA,NA,0.649038462,0.350961538,0.722883526,0.499338116,protein
218,38,sigmoid,0.659982034,6812.920691,0.046415888,NA,NA,NA,0.4375,0.5625,0.722883526,0.499338116,protein
219,39,sigmoid,0.65712367,14677.99268,0.146779927,NA,NA,NA,0.598809524,0.401190476,0.722883526,0.499338116,protein
220,40,sigmoid,0.666153767,146.7799268,0.1,NA,NA,NA,0.370138889,0.629861111,0.722883526,0.499338116,protein
221,41,sigmoid,0.735841401,215.443469,0.068129207,NA,NA,NA,0.451636905,0.548363095,0.722883526,0.499338116,protein
222,42,sigmoid,0.721527158,316.227766,0.146779927,NA,NA,NA,0.392261905,0.607738095,0.722883526,0.499338116,protein
223,43,sigmoid,0.709358456,14677992.68,0.000681292,NA,NA,NA,0.488825758,0.511174242,0.722883526,0.499338116,protein
224,44,sigmoid,0.824755945,3162.27766,0.068129207,NA,NA,NA,0.680555556,0.319444444,0.722883526,0.499338116,protein
225,45,sigmoid,0.667126461,100,0.146779927,NA,NA,NA,0.627083333,0.372916667,0.722883526,0.499338116,protein
226,46,sigmoid,0.779973182,31622.7766,0.021544347,NA,NA,NA,0.641666667,0.358333333,0.722883526,0.499338116,protein
227,47,sigmoid,0.725698762,4641.588834,0.031622777,NA,NA,NA,0.596428571,0.403571429,0.722883526,0.499338116,protein
228,48,sigmoid,0.767562802,2154.43469,0.002154435,NA,NA,NA,0.585416667,0.414583333,0.722883526,0.499338116,protein
229,49,sigmoid,0.696996509,1.00E+06,0.146779927,NA,NA,NA,0.460119048,0.539880952,0.722883526,0.499338116,protein
230,50,sigmoid,0.705362324,316.227766,0.146779927,NA,NA,NA,0.443452381,0.556547619,0.722883526,0.499338116,protein
231,51,sigmoid,0.688243612,10000,0.068129207,NA,NA,NA,0.386706349,0.613293651,0.722883526,0.499338116,protein
232,52,sigmoid,0.740839584,1467.799268,0.068129207,NA,NA,NA,0.733522727,0.266477273,0.722883526,0.499338116,protein
233,53,sigmoid,0.700322693,681.2920691,0.046415888,NA,NA,NA,0.463392857,0.536607143,0.722883526,0.499338116,protein
234,54,sigmoid,0.748196322,68129206.91,0.006812921,NA,NA,NA,0.528571429,0.471428571,0.722883526,0.499338116,protein
235,55,sigmoid,0.721486289,1.00E+08,0.031622777,NA,NA,NA,0.356331169,0.643668831,0.722883526,0.499338116,protein
236,56,sigmoid,0.733007776,681.2920691,0.031622777,NA,NA,NA,0.533333333,0.466666667,0.722883526,0.499338116,protein
237,57,sigmoid,0.684006454,146.7799268,0.1,NA,NA,NA,0.504761905,0.495238095,0.722883526,0.499338116,protein
238,58,sigmoid,0.754396899,1467.799268,0.021544347,NA,NA,NA,0.34375,0.65625,0.722883526,0.499338116,protein
239,59,sigmoid,0.678548935,4641588.834,0.068129207,NA,NA,NA,0.505208333,0.494791667,0.722883526,0.499338116,protein
240,60,sigmoid,0.716631083,681.2920691,0.068129207,NA,NA,NA,0.469791667,0.530208333,0.722883526,0.499338116,protein